100px_phash,1501752
100px_whash,1191232
100px_dhash,627767
100px_ahash,559005
200px_phash,1890701
200px_whash,1705581
200px_dhash,764158
200px_ahash,773574
300px_phash,3349884
300px_whash,3585630
300px_dhash,2165022
300px_ahash,2138236
500px_phash,8181995
500px_whash,16893975
500px_dhash,6583327
500px_ahash,6129121
1000px_phash,33332575
1000px_whash,32719635
1000px_dhash,22770614
1000px_ahash,17089768
2000px_phash,66180354
2000px_whash,101643309
2000px_dhash,55663749
2000px_ahash,57924298
3000px_phash,125681339
3000px_whash,228129635
3000px_dhash,138621595
3000px_ahash,97757975
4000px_phash,275259074
4000px_whash,501619747
4000px_dhash,207196780
4000px_ahash,302886693
6000px_phash,509748444
6000px_whash,749504047
6000px_dhash,510110532
6000px_ahash,651134350
8000px_phash,804032051
8000px_whash,1561515488
8000px_dhash,935896765
8000px_ahash,797512191

100px_phash,156781
100px_whash,173199
100px_dhash,90662.8
100px_ahash,101213
200px_phash,700678
200px_whash,859678
200px_dhash,452687
200px_ahash,387735
300px_phash,1.25202e+06
300px_whash,1.8245e+06
300px_dhash,1.25765e+06
300px_ahash,973228
500px_phash,2.38869e+06
500px_whash,1.1267e+07
500px_dhash,2.17194e+06
500px_ahash,2.2334e+06
1000px_phash,5.74643e+06
1000px_whash,1.16069e+07
1000px_dhash,5.07346e+06
1000px_ahash,2.5366e+06
2000px_phash,2.65802e+07
2000px_whash,6.72166e+07
2000px_dhash,1.84348e+07
2000px_ahash,8.71788e+06
3000px_phash,4.03586e+07
3000px_whash,8.8327e+07
3000px_dhash,3.53093e+07
3000px_ahash,1.79755e+07
4000px_phash,8.40194e+07
4000px_whash,4.82593e+08
4000px_dhash,9.43476e+07
4000px_ahash,6.51547e+07
6000px_phash,2.28308e+08
6000px_whash,4.19073e+08
6000px_dhash,2.12647e+08
6000px_ahash,2.03283e+08
8000px_phash,2.38032e+08
8000px_whash,1.19931e+09
8000px_dhash,3.05067e+08
8000px_ahash,2.73826e+08
