100px_phash,2382869
100px_whash,1521012
100px_dhash,580412
100px_ahash,603286
200px_phash,1926447
200px_whash,1768162
200px_dhash,774964
200px_ahash,771083
300px_phash,3790657
300px_whash,3626704
300px_dhash,2067537
300px_ahash,2069114
500px_phash,10906352
500px_whash,22738215
500px_dhash,10272449
500px_ahash,9595167
1000px_phash,23141506
1000px_whash,25170109
1000px_dhash,14824129
1000px_ahash,15091460
2000px_phash,57189668
2000px_whash,108344237
2000px_dhash,62995725
2000px_ahash,62746881
3000px_phash,138799963
3000px_whash,217013121
3000px_dhash,106064767
3000px_ahash,161430438
4000px_phash,242516033
4000px_whash,513381749
4000px_dhash,244478546
4000px_ahash,334389817
6000px_phash,541641403
6000px_whash,825888963
6000px_dhash,458842570
6000px_ahash,487875492
8000px_phash,882104246
8000px_whash,1805513081
8000px_dhash,763400049
8000px_ahash,717820524

100px_phash,216477
100px_whash,242169
100px_dhash,105712
100px_ahash,115431
200px_phash,473393
200px_whash,599663
200px_dhash,184172
200px_ahash,206734
300px_phash,886085
300px_whash,1.17681e+06
300px_dhash,758226
300px_ahash,825329
500px_phash,1.92917e+06
500px_whash,7.30992e+06
500px_dhash,2.67147e+06
500px_ahash,2.45408e+06
1000px_phash,5.96402e+06
1000px_whash,9.16642e+06
1000px_dhash,5.30646e+06
1000px_ahash,2.40083e+06
2000px_phash,1.54843e+07
2000px_whash,4.93767e+07
2000px_dhash,1.98073e+07
2000px_ahash,1.07622e+07
3000px_phash,3.11459e+07
3000px_whash,6.19604e+07
3000px_dhash,3.0431e+07
3000px_ahash,1.78016e+07
4000px_phash,7.47504e+07
4000px_whash,2.19254e+08
4000px_dhash,5.78558e+07
4000px_ahash,4.9799e+07
6000px_phash,1.67584e+08
6000px_whash,3.67142e+08
6000px_dhash,1.94565e+08
6000px_ahash,1.40676e+08
8000px_phash,2.0177e+08
8000px_whash,1.36282e+09
8000px_dhash,2.27323e+08
8000px_ahash,2.25973e+08
